Fund Name,P1,P2,P3,P4,P5,Topsis Score,Rank
M1,0.74,0.55,5.0,33.0,9.82,0.23417294746799497,7.0
M2,0.72,0.52,3.8,56.9,15.49,0.45769954153882936,5.0
M3,0.92,0.85,6.6,65.0,18.34,0.9377766974447007,1.0
M4,0.82,0.67,4.4,49.8,13.92,0.485050251533749,3.0
M5,0.86,0.74,6.8,59.6,17.0,0.7969408962181784,2.0
M6,0.92,0.85,4.9,30.7,9.34,0.4201545018097724,6.0
M7,0.63,0.4,4.0,41.7,11.68,0.19605150126082938,8.0
M8,0.95,0.9,5.6,31.6,9.76,0.4751640546879104,4.0
